{
  "id": "3191939",
  "name": "test_login_color_icon",
  "font_family": "iconfont",
  "css_prefix_text": "icon-",
  "description": "",
  "glyphs": [
    {
      "icon_id": "3176645",
      "name": "GitHub",
      "font_class": "GitHub",
      "unicode": "ea0a",
      "unicode_decimal": 59914
    },
    {
      "icon_id": "7155278",
      "name": "新浪",
      "font_class": "xinlang",
      "unicode": "e626",
      "unicode_decimal": 58918
    },
    {
      "icon_id": "9186714",
      "name": "QQ",
      "font_class": "QQ",
      "unicode": "e667",
      "unicode_decimal": 58983
    },
    {
      "icon_id": "15933094",
      "name": "微信",
      "font_class": "weixin",
      "unicode": "e607",
      "unicode_decimal": 58887
    },
    {
      "icon_id": "19429569",
      "name": "字节跳动",
      "font_class": "zijietiaodong",
      "unicode": "e6ee",
      "unicode_decimal": 59118
    },
    {
      "icon_id": "25521841",
      "name": "抖音",
      "font_class": "douyin3-copy",
      "unicode": "e600",
      "unicode_decimal": 58880
    }
  ]
}
