IP,PORT,匿名度,类型,位置,响应速度,最后验证时间
202.55.5.209,8090,高匿名,HTTP,中国 香港 电信,0.3秒,2022-05-30 14:31:01
183.247.199.114,30001,高匿名,HTTP,中国 浙江 台州 移动,0.4秒,2022-05-30 13:31:01
183.247.211.50,30001,高匿名,HTTP,中国 浙江 台州 移动,0.3秒,2022-05-30 12:31:01
122.9.101.6,8888,高匿名,HTTP,中国 香港 666666999999999.com,0.4秒,2022-05-30 11:31:01
183.247.215.218,30001,高匿名,HTTP,中国 浙江 台州 移动,0.3秒,2022-05-30 10:31:01
202.55.5.209,8090,高匿名,HTTP,中国 香港 电信,0.3秒,2022-05-30 09:31:01
202.55.5.209,8090,高匿名,HTTP,中国 香港 电信,0.3秒,2022-05-30 08:31:01
47.106.105.236,80,高匿名,HTTP,中国 广东 深圳 联通,0.3秒,2022-05-30 07:31:01
60.170.204.30,8060,高匿名,HTTP,中国 安徽 蚌埠 电信,1秒,2022-05-30 06:31:01
122.9.101.6,8888,高匿名,HTTP,中国 香港 666666999999999.com,0.4秒,2022-05-30 05:31:01
47.106.105.236,80,高匿名,HTTP,中国 广东 深圳 联通,0.3秒,2022-05-30 04:31:01
202.55.5.209,8090,高匿名,HTTP,中国 香港 电信,0.3秒,2022-05-30 03:31:01
183.247.211.50,30001,高匿名,HTTP,中国 浙江 台州 移动,0.3秒,2022-05-30 02:31:01
111.3.118.247,30001,高匿名,HTTP,中国 浙江 台州 移动,0.2秒,2022-05-30 01:31:02
182.139.110.52,9000,高匿名,HTTP,四川省成都市  电信,3秒,2022-05-30 00:31:01
202.55.5.209,8090,高匿名,HTTP,中国 香港 电信,0.3秒,2022-05-29 23:31:01
202.55.5.209,8090,高匿名,HTTP,中国 香港 电信,0.3秒,2022-05-29 22:31:02
122.9.101.6,8888,高匿名,HTTP,中国 香港 666666999999999.com,0.4秒,2022-05-29 21:31:01
61.216.185.88,60808,高匿名,HTTP,中国 台湾 屏东县,0.7秒,2022-05-29 20:31:01
117.41.38.16,9000,高匿名,HTTP,江西省赣州市  电信,0.4秒,2022-05-29 19:31:01
122.9.101.6,8888,高匿名,HTTP,中国 香港 666666999999999.com,0.4秒,2022-05-29 18:31:01
106.55.15.244,8889,高匿名,HTTP,中国,0.9秒,2022-05-29 17:31:01
183.236.232.160,8080,高匿名,HTTP,中国 广东 江门 移动,6秒,2022-05-29 16:31:01
183.247.199.114,30001,高匿名,HTTP,中国 浙江 台州 移动,0.4秒,2022-05-29 15:31:01
218.204.153.156,8080,高匿名,HTTP,江西省吉安市  移动,3秒,2022-05-29 14:31:02
202.55.5.209,8090,高匿名,HTTP,中国 香港 电信,0.3秒,2022-05-29 13:31:01
202.55.5.209,8090,高匿名,HTTP,中国 香港 电信,0.3秒,2022-05-29 12:31:01
202.55.5.209,8090,高匿名,HTTP,中国 香港 电信,0.3秒,2022-05-29 11:31:01
183.247.211.50,30001,高匿名,HTTP,中国 浙江 台州 移动,0.3秒,2022-05-29 10:31:01
202.55.5.209,8090,高匿名,HTTP,中国 香港 电信,0.3秒,2022-05-29 09:31:01
111.3.118.247,30001,高匿名,HTTP,中国 浙江 台州 移动,0.2秒,2022-05-29 08:31:01
47.113.90.161,83,高匿名,HTTP,中国,0.3秒,2022-05-29 07:31:01
47.106.105.236,80,高匿名,HTTP,中国 广东 深圳 联通,0.3秒,2022-05-29 06:31:01
47.113.90.161,83,高匿名,HTTP,中国,0.3秒,2022-05-29 05:31:02
106.15.197.250,8001,高匿名,HTTP,中国 上海  联通,1秒,2022-05-29 04:31:01
47.106.105.236,80,高匿名,HTTP,中国 广东 深圳 联通,0.3秒,2022-05-29 03:31:02
47.106.105.236,80,高匿名,HTTP,中国 广东 深圳 联通,0.3秒,2022-05-29 02:31:01
122.9.101.6,8888,高匿名,HTTP,中国 香港 666666999999999.com,0.4秒,2022-05-29 01:31:01
202.55.5.209,8090,高匿名,HTTP,中国 香港 电信,0.3秒,2022-05-29 00:31:01
202.55.5.209,8090,高匿名,HTTP,中国 香港 电信,0.3秒,2022-05-28 23:31:01
47.106.105.236,80,高匿名,HTTP,中国 广东 深圳 联通,0.3秒,2022-05-28 22:31:01
60.170.204.30,8060,高匿名,HTTP,中国 安徽 蚌埠 电信,1秒,2022-05-28 21:31:01
202.55.5.209,8090,高匿名,HTTP,中国 香港 电信,0.3秒,2022-05-28 20:31:02
202.55.5.209,8090,高匿名,HTTP,中国 香港 电信,0.3秒,2022-05-28 19:31:01
60.170.204.30,8060,高匿名,HTTP,中国 安徽 蚌埠 电信,1秒,2022-05-28 18:31:01
106.15.197.250,8001,高匿名,HTTP,中国 上海  联通,1秒,2022-05-28 17:31:01
106.15.197.250,8001,高匿名,HTTP,中国 上海  联通,1秒,2022-05-28 16:31:01
111.3.118.247,30001,高匿名,HTTP,中国 浙江 台州 移动,0.2秒,2022-05-28 15:31:01
120.220.220.95,8085,高匿名,HTTP,中国 山东 移动,0.5秒,2022-05-28 14:31:01
122.9.101.6,8888,高匿名,HTTP,中国 香港 666666999999999.com,0.4秒,2022-05-28 13:31:02
202.55.5.209,8090,高匿名,HTTP,中国 香港 电信,0.3秒,2022-05-28 12:31:01
202.116.32.236,80,高匿名,HTTP,中国 广东 广州,3秒,2022-05-28 11:31:01
106.15.197.250,8001,高匿名,HTTP,中国 上海  联通,1秒,2022-05-28 10:31:02
39.99.54.91,80,高匿名,HTTP,中国 北京  联通,0.6秒,2022-05-28 09:31:01
202.55.5.209,8090,高匿名,HTTP,中国 香港 电信,0.3秒,2022-05-28 08:31:01
106.15.197.250,8001,高匿名,HTTP,中国 上海  联通,1秒,2022-05-28 07:31:01
103.37.141.69,80,高匿名,HTTP,中国 北京,6秒,2022-05-28 06:31:02
202.55.5.209,8090,高匿名,HTTP,中国 香港 电信,0.3秒,2022-05-28 05:31:01
223.82.60.202,8060,高匿名,HTTP,中国 江西 新余 移动,0.3秒,2022-05-28 04:31:01
122.9.101.6,8888,高匿名,HTTP,中国 香港 666666999999999.com,0.4秒,2022-05-28 03:31:02
61.216.156.222,60808,高匿名,HTTP,中国 台湾 cht.com.tw,4秒,2022-05-28 02:31:01
106.54.128.253,999,高匿名,HTTP,中国,1秒,2022-05-28 01:31:01
121.13.252.58,41564,高匿名,HTTP,广东省东莞市  电信,0.6秒,2022-05-28 00:31:01
202.55.5.209,8090,高匿名,HTTP,中国 香港 电信,0.3秒,2022-05-27 23:31:01
103.37.141.69,80,高匿名,HTTP,中国 北京,6秒,2022-05-27 22:31:01
183.247.215.218,30001,高匿名,HTTP,中国 浙江 台州 移动,0.3秒,2022-05-27 21:31:02
14.215.212.37,9168,高匿名,HTTP,中国 广东 东莞 电信,4秒,2022-05-27 20:31:01
122.226.57.70,8888,高匿名,HTTP,浙江省金华市  电信,0.5秒,2022-05-27 19:31:01
124.156.100.83,8118,高匿名,HTTP,中国,1秒,2022-05-27 18:31:01
218.75.102.198,8000,高匿名,HTTP,浙江省金华市  电信,0.3秒,2022-05-27 17:31:01
118.163.120.181,58837,高匿名,HTTP,中国 台湾 cht.com.tw,3秒,2022-05-27 16:31:01
122.9.101.6,8888,高匿名,HTTP,中国 香港 666666999999999.com,0.4秒,2022-05-27 15:31:01
111.3.118.247,30001,高匿名,HTTP,中国 浙江 台州 移动,0.2秒,2022-05-27 14:31:01
61.216.185.88,60808,高匿名,HTTP,中国 台湾 屏东县,0.7秒,2022-05-27 13:31:02
111.3.118.247,30001,高匿名,HTTP,中国 浙江 台州 移动,0.2秒,2022-05-27 12:31:01
